window,origin_date,forecast_date,horizon,y_true,y_hurdle_target,is_rain,prob_hurdle_hg,prob_hurdle_exp,mu_hurdle_hg,mu_hurdle_exp,pred_hard_gate,pred_expected,pred_tweedie,bin_hurdle_hg,bin_hurdle_exp,bin_tweedie
0,2020-04-30,2020-05-01,1,0.0,0.0,0,0.19993466970424487,0.19993466970424487,0.5392,0.5392,0.0,0.10780477390452883,0.3286195299345496,0,0,1
0,2020-04-30,2020-05-02,2,0.0,0.0,0,0.2707339678188999,0.2707339678188999,1.3166000000000002,1.3166000000000002,0.0,0.3564483420303637,1.1332219964077273,0,0,1
0,2020-04-30,2020-05-03,3,0.05,0.0,0,0.19993466970424487,0.3862346697707037,0.5372000000000001,0.7884000000000003,0.0,0.30450741364722295,1.1852421819123382,0,0,1
0,2020-04-30,2020-05-04,4,0.76,0.76,1,0.12848318391278452,0.32584577446542273,0.5054000000000002,1.4622000000000002,0.0,0.47645169142334115,0.8112573377633349,0,0,1
0,2020-04-30,2020-05-05,5,0.41,0.41,1,0.1796624150598939,0.5489676592022718,0.48779999999999996,1.3512,0.0,0.7417651011141095,0.7781794336565002,0,1,1
0,2020-04-30,2020-05-06,6,0.01,0.0,0,0.2707339678188999,0.613101398086443,0.4894,2.3278,0.0,1.427177434465622,0.8768000398778025,0,1,1
0,2020-04-30,2020-05-07,7,0.02,0.0,0,0.2707339678188999,0.5813783171575329,0.4935999999999999,1.9586000000000008,0.0,1.1386875719847442,1.5971310156979075,0,1,1
1,2020-05-07,2020-05-08,1,0.74,0.74,1,0.6735388858836466,0.6735388858836466,0.5207999999999999,0.5207999999999999,0.5207999999999999,0.3507790517682031,1.6265379436183305,1,1,1
1,2020-05-07,2020-05-09,2,0.01,0.0,0,0.613101398086443,0.613101398086443,0.7010000000000002,0.7010000000000002,0.7010000000000002,0.4297840800585967,1.9675949513451627,1,1,1
1,2020-05-07,2020-05-10,3,0.0,0.0,0,0.5813783171575329,0.5161361156690096,4.649799999999999,2.481,4.649799999999999,1.2805337029748127,2.835177910619361,1,1,1
1,2020-05-07,2020-05-11,4,0.0,0.0,0,0.613101398086443,0.5489676592022718,5.99,5.479399999999999,5.99,3.0080133918329275,3.7204981577800647,1,1,1
1,2020-05-07,2020-05-12,5,0.02,0.0,0,0.48316468731196066,0.7287128867479443,6.1461999999999986,5.2231999999999985,0.0,3.8062131500618617,3.2197120412705074,0,1,1
1,2020-05-07,2020-05-13,6,0.02,0.0,0,0.4503391917399896,0.5161361156690096,6.063999999999998,6.163599999999998,0.0,3.1812565625375067,4.5769154874527835,0,1,1
1,2020-05-07,2020-05-14,7,0.07,0.0,0,0.6735388858836466,0.4179404221358747,0.669,6.197999999999999,0.669,2.5903947363981508,4.056021620873553,1,0,1
2,2020-05-14,2020-05-15,1,0.1,0.0,0,0.5489676592022718,0.5489676592022718,1.5538000000000007,1.5538000000000007,1.5538000000000007,0.8529859488684902,1.9342070601011587,1,1,1
2,2020-05-14,2020-05-16,2,10.08,10.08,1,0.613101398086443,0.613101398086443,1.8010000000000002,1.8010000000000002,1.8010000000000002,1.104195617953684,2.0277307839890635,1,1,1
2,2020-05-14,2020-05-17,3,3.43,3.43,1,0.4503391917399896,0.4503391917399896,5.099999999999999,3.8550000000000004,0.0,1.73605758415766,4.8022540643082525,0,0,1
2,2020-05-14,2020-05-18,4,0.54,0.54,1,0.4179404221358747,0.4179404221358747,3.817400000000001,3.6192,0.0,1.5126099757941578,3.365466734570491,0,0,1
2,2020-05-14,2020-05-19,5,0.82,0.82,1,0.5489676592022718,0.4179404221358747,1.2492,3.705200000000001,1.2492,1.5485528520978433,4.077632344850092,1,0,1
2,2020-05-14,2020-05-20,6,3.68,3.68,1,0.4179404221358747,0.48316468731196066,1.5312000000000003,3.5968000000000004,0.0,1.7378467473236603,5.745580352322921,0,0,1
2,2020-05-14,2020-05-21,7,0.03,0.0,0,0.4179404221358747,0.4503391917399896,5.3814,3.7664000000000004,0.0,1.696157531769497,3.2380182449569777,0,0,1
3,2020-05-21,2020-05-22,1,0.89,0.89,1,0.8385894445978388,0.8385894445978388,3.4432000000000005,3.4432000000000005,3.4432000000000005,2.887431175639279,6.528785699128674,1,1,1
3,2020-05-21,2020-05-23,2,16.42,16.42,1,0.7776405689387923,0.7776405689387923,0.7727999999999998,0.7727999999999998,0.7727999999999998,0.6009606316758985,4.408305071643132,1,1,1
3,2020-05-21,2020-05-24,3,17.86,17.86,1,0.8556602744996351,0.8556602744996351,5.4288,5.4288,5.4288,4.645208498203619,3.2807992321536217,1,1,1
3,2020-05-21,2020-05-25,4,5.51,5.51,1,0.8199245647669986,0.7776405689387923,2.7132,3.1715999999999998,2.7132,2.4663648284462734,6.79947542545684,1,1,1
3,2020-05-21,2020-05-26,5,3.0,3.0,1,0.8556602744996351,0.8385894445978388,3.395200000000001,3.4006000000000007,3.395200000000001,2.851707265299411,4.672245010235758,1,1,1
3,2020-05-21,2020-05-27,6,2.57,2.57,1,0.8385894445978388,0.8199245647669986,3.4124000000000008,3.418400000000001,3.4124000000000008,2.802830132199509,4.217456773854118,1,1,1
3,2020-05-21,2020-05-28,7,13.74,13.74,1,0.799617090604183,0.799617090604183,3.314800000000001,3.3160000000000007,3.314800000000001,2.651530272443471,4.793078269862544,1,1,1
4,2020-05-28,2020-05-29,1,6.01,6.01,1,0.9665249557820549,0.9665249557820549,12.627200000000006,12.627200000000006,12.627200000000006,12.204503921651169,6.352362908282227,1,1,1
4,2020-05-28,2020-05-30,2,3.3,3.3,1,0.9665249557820549,0.9665249557820549,12.114200000000004,12.114200000000004,12.114200000000004,11.708676619334973,5.36894682825768,1,1,1
4,2020-05-28,2020-05-31,3,4.62,4.62,1,0.9619833640629888,0.9619833640629888,11.903799999999999,11.903799999999999,11.903799999999999,11.451257569133004,5.348856343322746,1,1,1
4,2020-05-28,2020-06-01,4,18.43,18.43,1,0.9568531164397832,0.9568531164397832,11.642999999999997,11.642999999999997,11.642999999999997,11.140640834708393,5.876592017027596,1,1,1
4,2020-05-28,2020-06-02,5,10.32,10.32,1,0.9372174938366887,0.9372174938366887,11.3644,11.3644,11.3644,10.650914486957666,8.183914345318557,1,1,1
4,2020-05-28,2020-06-03,6,3.18,3.18,1,0.9372174938366887,0.9372174938366887,10.961400000000001,11.072400000000002,10.961400000000001,10.377246978757354,7.055450964757442,1,1,1
4,2020-05-28,2020-06-04,7,8.86,8.86,1,0.9372174938366887,0.9372174938366887,10.479000000000003,10.548200000000003,10.479000000000003,9.885957568488163,6.99168178455835,1,1,1
5,2020-06-04,2020-06-05,1,3.3,3.3,1,0.9568531164397832,0.9568531164397832,9.0524,9.0524,9.0524,8.661817151259495,6.133241520723848,1,1,1
5,2020-06-04,2020-06-06,2,2.31,2.31,1,0.9568531164397832,0.9568531164397832,8.502000000000002,8.502000000000002,8.502000000000002,8.13516519597104,8.024764747622351,1,1,1
5,2020-06-04,2020-06-07,3,1.92,1.92,1,0.9568531164397832,0.9568531164397832,8.421800000000001,8.421800000000001,8.421800000000001,8.058425576032567,6.190219194413069,1,1,1
5,2020-06-04,2020-06-08,4,6.1,6.1,1,0.9568531164397832,0.9568531164397832,8.130599999999998,8.130599999999998,8.130599999999998,7.779789948525299,5.731675777716761,1,1,1
5,2020-06-04,2020-06-09,5,1.87,1.87,1,0.9568531164397832,0.9568531164397832,8.731199999999998,8.731199999999998,8.731199999999998,8.354475930259033,6.664400944295773,1,1,1
5,2020-06-04,2020-06-10,6,2.55,2.55,1,0.9568531164397832,0.9568531164397832,8.85,8.85,8.85,8.468150080492082,5.802163828832363,1,1,1
5,2020-06-04,2020-06-11,7,3.27,3.27,1,0.9568531164397832,0.9568531164397832,8.9394,8.9394,8.9394,8.553692749101797,6.6857372949719736,1,1,1
6,2020-06-11,2020-06-12,1,3.76,3.76,1,0.9772173031706538,0.9772173031706538,4.310200000000001,4.310200000000001,4.310200000000001,4.212002020126153,7.44401032140406,1,1,1
6,2020-06-11,2020-06-13,2,18.26,18.26,1,0.9772173031706538,0.9772173031706538,4.333400000000001,4.333400000000001,4.333400000000001,4.234673461559712,6.61939935870391,1,1,1
6,2020-06-11,2020-06-14,3,100.35,100.35,1,0.9772173031706538,0.9772173031706538,4.041200000000001,4.041200000000001,4.041200000000001,3.949130565573247,6.879835288318761,1,1,1
6,2020-06-11,2020-06-15,4,143.31,143.31,1,0.9772173031706538,0.9772173031706538,4.000200000000001,4.000200000000001,4.000200000000001,3.9090646561432507,7.189845110754584,1,1,1
6,2020-06-11,2020-06-16,5,16.16,16.16,1,0.9772173031706538,0.9772173031706538,4.245600000000001,4.245600000000001,4.245600000000001,4.1488737823413295,5.980357190957074,1,1,1
6,2020-06-11,2020-06-17,6,54.23,54.23,1,0.9772173031706538,0.9772173031706538,4.248000000000001,4.248000000000001,4.248000000000001,4.1512191038689386,6.515027845864688,1,1,1
6,2020-06-11,2020-06-18,7,3.12,3.12,1,0.9772173031706538,0.9772173031706538,4.354800000000001,4.354800000000001,4.354800000000001,4.255585911847564,6.165566453847129,1,1,1
7,2020-06-18,2020-06-19,1,6.61,6.61,1,0.944547150359814,0.944547150359814,17.191799999999997,17.191799999999997,17.191799999999997,16.238465699555846,4.797621448048402,1,1,1
7,2020-06-18,2020-06-20,2,39.26,39.26,1,0.9372174938366887,0.9372174938366887,18.4328,18.4328,18.4328,17.275542620392915,5.463404618712609,1,1,1
7,2020-06-18,2020-06-21,3,2.06,2.06,1,0.9372174938366887,0.9372174938366887,18.3636,18.324600000000004,18.3636,17.17413568755979,6.600546238065253,1,1,1
7,2020-06-18,2020-06-22,4,1.94,1.94,1,0.9197807415102168,0.9197807415102168,17.8516,17.851000000000003,17.8516,16.419006016698884,4.910887836872341,1,1,1
7,2020-06-18,2020-06-23,5,0.33,0.33,1,0.9289918496390962,0.9289918496390962,17.972400000000004,17.9718,17.972400000000004,16.69565572334391,5.912571908363871,1,1,1
7,2020-06-18,2020-06-24,6,6.32,6.32,1,0.9372174938366887,0.9372174938366887,17.969000000000005,17.925200000000004,17.969000000000005,16.799811020521418,5.087711896308759,1,1,1
7,2020-06-18,2020-06-25,7,7.01,7.01,1,0.9289918496390962,0.9289918496390962,17.972400000000004,17.928600000000003,17.972400000000004,16.655523275439503,6.142616606919701,1,1,1
8,2020-06-25,2020-06-26,1,6.77,6.77,1,0.9665249557820549,0.9665249557820549,6.190600000000001,6.190600000000001,6.190600000000001,5.9833693912643895,5.077171782138796,1,1,1
8,2020-06-25,2020-06-27,2,3.6,3.6,1,0.9665249557820549,0.9665249557820549,6.078600000000002,6.078600000000002,6.078600000000002,5.8751185962168,4.213713708942203,1,1,1
8,2020-06-25,2020-06-28,3,17.85,17.85,1,0.9665249557820549,0.9665249557820549,6.2688,6.2324,6.2688,6.023770134416079,4.593206345145351,1,1,1
8,2020-06-25,2020-06-29,4,65.57,65.57,1,0.9665249557820549,0.9665249557820549,7.533800000000001,7.522600000000001,7.533800000000001,7.270780632366087,5.413861495181153,1,1,1
8,2020-06-25,2020-06-30,5,42.24,42.24,1,0.9665249557820549,0.9665249557820549,7.472400000000001,7.522600000000001,7.472400000000001,7.270780632366087,6.5848162801647225,1,1,1
8,2020-06-25,2020-07-01,6,3.76,3.76,1,0.9705406090312626,0.9705406090312626,7.594600000000002,7.594600000000002,7.594600000000002,7.370867709348828,5.464084413056969,1,1,1
8,2020-06-25,2020-07-02,7,6.62,6.62,1,0.9665249557820549,0.9665249557820549,7.5676,7.695400000000001,7.5676,7.437796144725226,6.370867541700291,1,1,1
9,2020-07-02,2020-07-03,1,18.2,18.2,1,0.9510657717023815,0.9510657717023815,4.9754000000000005,4.9754000000000005,4.9754000000000005,4.731932640528029,4.848093889693846,1,1,1
9,2020-07-02,2020-07-04,2,1.66,1.66,1,0.9568531164397832,0.9568531164397832,5.042200000000001,5.042200000000001,5.042200000000001,4.824644783712676,4.400318625068861,1,1,1
9,2020-07-02,2020-07-05,3,22.36,22.36,1,0.9568531164397832,0.9568531164397832,5.131400000000001,5.131400000000001,5.131400000000001,4.909996081699105,5.794674225759656,1,1,1
9,2020-07-02,2020-07-06,4,2.07,2.07,1,0.9568531164397832,0.9568531164397832,5.59,5.5812,5.59,5.340388613473718,5.405794851959721,1,1,1
9,2020-07-02,2020-07-07,5,0.46,0.46,1,0.944547150359814,0.944547150359814,5.573800000000001,5.565000000000001,5.573800000000001,5.256404891752366,5.110587482252804,1,1,1
9,2020-07-02,2020-07-08,6,5.89,5.89,1,0.9568531164397832,0.9568531164397832,5.532800000000001,5.532800000000001,5.532800000000001,5.294076922638033,5.153440753414003,1,1,1
9,2020-07-02,2020-07-09,7,11.37,11.37,1,0.944547150359814,0.944547150359814,6.246600000000002,6.287000000000002,6.246600000000002,5.938367934312152,5.802036072786005,1,1,1
10,2020-07-09,2020-07-10,1,6.63,6.63,1,0.9619833640629888,0.9619833640629888,4.754599999999999,4.754599999999999,4.754599999999999,4.573846102773886,5.357919524082728,1,1,1
10,2020-07-09,2020-07-11,2,2.67,2.67,1,0.9665249557820549,0.9665249557820549,5.178399999999998,5.178399999999998,5.178399999999998,5.005052831021791,5.0540113093218615,1,1,1
10,2020-07-09,2020-07-12,3,4.44,4.44,1,0.9665249557820549,0.9665249557820549,4.086200000000001,4.086200000000001,4.086200000000001,3.9494142743166334,4.881893338999181,1,1,1
10,2020-07-09,2020-07-13,4,8.29,8.29,1,0.9619833640629888,0.9619833640629888,4.481399999999999,4.481399999999999,4.481399999999999,4.311032247711877,5.665283597425058,1,1,1
10,2020-07-09,2020-07-14,5,1.34,1.34,1,0.9665249557820549,0.9665249557820549,4.382,4.382,4.382,4.235312356236964,6.538323554988953,1,1,1
10,2020-07-09,2020-07-15,6,4.05,4.05,1,0.9568531164397832,0.9568531164397832,4.668,4.5818,4.668,4.384109608903799,6.574500479138584,1,1,1
10,2020-07-09,2020-07-16,7,4.36,4.36,1,0.9568531164397832,0.9568531164397832,4.199799999999999,4.199799999999999,4.199799999999999,4.0185917184238,6.819780650097438,1,1,1
11,2020-07-16,2020-07-17,1,0.73,0.73,1,0.9740874608965604,0.9740874608965604,4.513799999999999,4.513799999999999,4.513799999999999,4.396835980994894,8.962921947253612,1,1,1
11,2020-07-16,2020-07-18,2,3.89,3.89,1,0.9740874608965604,0.9740874608965604,4.228199999999998,4.228199999999998,4.228199999999998,4.118636602162836,7.6731834204939195,1,1,1
11,2020-07-16,2020-07-19,3,2.44,2.44,1,0.9772173031706538,0.9772173031706538,3.6563999999999988,3.523599999999999,3.6563999999999988,3.443322889452115,6.581960128278951,1,1,1
11,2020-07-16,2020-07-20,4,14.38,14.38,1,0.9772173031706538,0.9772173031706538,3.5439999999999987,3.5439999999999987,3.5439999999999987,3.463258122436796,7.052258962993788,1,1,1
11,2020-07-16,2020-07-21,5,2.4,2.4,1,0.9772173031706538,0.9772173031706538,3.733399999999998,3.733399999999998,3.733399999999998,3.648343079657317,6.928848829270221,1,1,1
11,2020-07-16,2020-07-22,6,1.19,1.19,1,0.9740874608965604,0.9740874608965604,4.959199999999998,4.959199999999998,4.959199999999998,4.83069453607822,5.755265569247031,1,1,1
11,2020-07-16,2020-07-23,7,32.66,32.66,1,0.9705406090312626,0.9740874608965604,4.787199999999999,4.763799999999999,4.787199999999999,4.640357846219033,6.87833729919522,1,1,1
12,2020-07-23,2020-07-24,1,1.97,1.97,1,0.9568531164397832,0.9568531164397832,8.737599999999997,8.737599999999997,8.737599999999997,8.360599790204247,6.383838352735601,1,1,1
12,2020-07-23,2020-07-25,2,3.77,3.77,1,0.9510657717023815,0.9510657717023815,13.979400000000004,13.979400000000004,13.979400000000004,13.295328848936276,5.9680618736117355,1,1,1
12,2020-07-23,2020-07-26,3,5.21,5.21,1,0.9289918496390962,0.9372174938366887,15.015200000000002,15.081800000000001,15.015200000000002,14.134926798546173,7.356849389660818,1,1,1
12,2020-07-23,2020-07-27,4,7.51,7.51,1,0.944547150359814,0.944547150359814,14.206600000000003,14.1308,14.206600000000003,13.34720687230446,6.618194784120052,1,1,1
12,2020-07-23,2020-07-28,5,2.34,2.34,1,0.9510657717023815,0.9510657717023815,14.663400000000001,14.802600000000002,14.663400000000001,14.078246192201673,7.147499707102959,1,1,1
12,2020-07-23,2020-07-29,6,2.22,2.22,1,0.9510657717023815,0.9510657717023815,14.260000000000005,14.204400000000003,14.260000000000005,13.50931864756931,5.840873316482457,1,1,1
12,2020-07-23,2020-07-30,7,3.21,3.21,1,0.9510657717023815,0.9510657717023815,14.052200000000003,14.044200000000004,14.052200000000003,13.35695791094259,6.21262484144536,1,1,1
13,2020-07-30,2020-07-31,1,33.43,33.43,1,0.9740874608965604,0.9740874608965604,6.259599999999999,6.259599999999999,6.259599999999999,6.097397870228108,7.149641077853089,1,1,1
13,2020-07-30,2020-08-01,2,29.84,29.84,1,0.9740874608965604,0.9740874608965604,5.5428,5.5428,5.5428,5.3991719782574545,7.246461387758657,1,1,1
13,2020-07-30,2020-08-02,3,14.5,14.5,1,0.9740874608965604,0.9740874608965604,5.531400000000001,5.531400000000001,5.531400000000001,5.388067381203236,6.429538569513852,1,1,1
13,2020-07-30,2020-08-03,4,13.07,13.07,1,0.9705406090312626,0.9705406090312626,5.447200000000001,5.447200000000001,5.447200000000001,5.286728805515095,6.429852873085742,1,1,1
13,2020-07-30,2020-08-04,5,0.74,0.74,1,0.9705406090312626,0.9705406090312626,5.469800000000001,5.469800000000001,5.469800000000001,5.308663023279201,6.548966592698179,1,1,1
13,2020-07-30,2020-08-05,6,12.53,12.53,1,0.9740874608965604,0.9705406090312626,5.472,5.610600000000001,5.472,5.445315141030803,8.638608772640591,1,1,1
13,2020-07-30,2020-08-06,7,25.9,25.9,1,0.9705406090312626,0.9705406090312626,6.4026,6.4026,6.4026,6.213983303383562,6.544851102022278,1,1,1
14,2020-08-06,2020-08-07,1,8.09,8.09,1,0.9772173031706538,0.9772173031706538,39.583800000000004,39.583800000000004,39.583800000000004,38.68197428524653,9.278776584513986,1,1,1
14,2020-08-06,2020-08-08,2,21.83,21.83,1,0.9772173031706538,0.9772173031706538,39.013200000000005,39.013200000000005,39.013200000000005,38.12437409205736,6.46226009176248,1,1,1
14,2020-08-06,2020-08-09,3,14.62,14.62,1,0.9772173031706538,0.9772173031706538,39.3874,39.3874,39.3874,38.49004880690381,5.021478077619544,1,1,1
14,2020-08-06,2020-08-10,4,10.55,10.55,1,0.9772173031706538,0.9772173031706538,39.3938,39.3938,39.3938,38.4963029976441,5.2599068397374955,1,1,1
14,2020-08-06,2020-08-11,5,9.89,9.89,1,0.9772173031706538,0.9772173031706538,38.353,38.353,38.353,37.47921522850409,5.409692934807154,1,1,1
14,2020-08-06,2020-08-12,6,13.11,13.11,1,0.9772173031706538,0.9772173031706538,39.04,39.3934,39.04,38.495912110722834,5.6893024989406795,1,1,1
14,2020-08-06,2020-08-13,7,9.74,9.74,1,0.9772173031706538,0.9772173031706538,38.2424,38.2752,38.2424,37.403187722317405,5.323538544792642,1,1,1
15,2020-08-13,2020-08-14,1,8.42,8.42,1,0.9772173031706538,0.9772173031706538,9.055,9.055,9.055,8.84870268021027,5.720109875283757,1,1,1
15,2020-08-13,2020-08-15,2,9.31,9.31,1,0.9772173031706538,0.9772173031706538,9.453200000000002,9.453200000000002,9.453200000000002,9.237830610332827,4.0407092465067205,1,1,1
15,2020-08-13,2020-08-16,3,3.2,3.2,1,0.9772173031706538,0.9772173031706538,9.411,9.411,9.411,9.196592040139022,4.210609606416731,1,1,1
15,2020-08-13,2020-08-17,4,4.65,4.65,1,0.9772173031706538,0.9772173031706538,9.109,9.124600000000001,9.109,8.916717004510948,4.8397686988489,1,1,1
15,2020-08-13,2020-08-18,5,2.85,2.85,1,0.9740874608965604,0.9740874608965604,8.7784,8.550600000000001,8.7784,8.32903224314213,5.102013085568137,1,1,1
15,2020-08-13,2020-08-19,6,11.32,11.32,1,0.9740874608965604,0.9740874608965604,8.5272,8.5272,8.5272,8.30623859655715,5.395951599113693,1,1,1
15,2020-08-13,2020-08-20,7,5.72,5.72,1,0.9740874608965604,0.9740874608965604,8.8236,8.782200000000001,8.8236,8.554630899085774,5.544310190770999,1,1,1
16,2020-08-20,2020-08-21,1,1.07,1.07,1,0.9372174938366887,0.9372174938366887,4.684800000000001,4.684800000000001,4.684800000000001,4.3906765151261204,8.92306900403982,1,1,1
16,2020-08-20,2020-08-22,2,4.89,4.89,1,0.9372174938366887,0.9372174938366887,4.7303999999999995,4.7303999999999995,4.7303999999999995,4.433413632845072,6.475844089834349,1,1,1
16,2020-08-20,2020-08-23,3,6.77,6.77,1,0.9372174938366887,0.9372174938366887,4.632,4.545999999999999,4.632,4.260590726981587,6.113904407144753,1,1,1
16,2020-08-20,2020-08-24,4,0.13,0.13,1,0.9289918496390962,0.9289918496390962,4.5442,4.4582,4.5442,4.141631464061018,6.8249562372232235,1,1,1
16,2020-08-20,2020-08-25,5,0.03,0.0,0,0.9289918496390962,0.9289918496390962,4.6136,4.517399999999999,4.6136,4.196627781559653,6.638861668118213,1,1,1
16,2020-08-20,2020-08-26,6,0.11,0.11,1,0.9289918496390962,0.9289918496390962,4.5718,4.4361999999999995,4.5718,4.121193643368958,6.816368991062033,1,1,1
16,2020-08-20,2020-08-27,7,0.05,0.0,0,0.9289918496390962,0.9372174938366887,4.7078,4.5722,4.7078,4.285145825320108,7.0968647708248715,1,1,1
17,2020-08-27,2020-08-28,1,0.2,0.2,1,0.944547150359814,0.944547150359814,2.968000000000001,2.968000000000001,2.968000000000001,2.803415942267929,3.231705042706291,1,1,1
17,2020-08-27,2020-08-29,2,2.37,2.37,1,0.9197807415102168,0.9197807415102168,2.8662,2.8662,2.8662,2.6362755613165834,7.202709452566352,1,1,1
17,2020-08-27,2020-08-30,3,2.55,2.55,1,0.9510657717023815,0.9510657717023815,4.899,4.9578000000000015,4.899,4.7151938829460684,5.575981064434534,1,1,1
17,2020-08-27,2020-08-31,4,5.37,5.37,1,0.9568531164397832,0.9568531164397832,4.837199999999999,4.626000000000002,4.837199999999999,4.426402516650439,4.826626318156848,1,1,1
17,2020-08-27,2020-09-01,5,5.9,5.9,1,0.9619833640629888,0.9619833640629888,3.8638000000000012,4.124000000000001,3.8638000000000012,3.967219393395767,5.541103922587366,1,1,1
17,2020-08-27,2020-09-02,6,2.48,2.48,1,0.9665249557820549,0.9665249557820549,4.915800000000001,5.013600000000001,4.915800000000001,4.845769518308911,5.528568303320516,1,1,1
17,2020-08-27,2020-09-03,7,2.61,2.61,1,0.9619833640629888,0.9619833640629888,4.794600000000001,4.794600000000001,4.794600000000001,4.612325437336406,5.510053317329447,1,1,1
18,2020-09-03,2020-09-04,1,1.59,1.59,1,0.9197807415102168,0.9197807415102168,7.068199999999996,7.068199999999996,7.068199999999996,6.501194237142511,6.032979250851116,1,1,1
18,2020-09-03,2020-09-05,2,0.06,0.0,0,0.9197807415102168,0.9197807415102168,6.966599999999996,6.966599999999996,6.966599999999996,6.407744513805073,5.8071901788504,1,1,1
18,2020-09-03,2020-09-06,3,1.98,1.98,1,0.9289918496390962,0.9289918496390962,7.7532,7.7532,7.7532,7.202659608621841,4.901272232454948,1,1,1
18,2020-09-03,2020-09-07,4,0.78,0.78,1,0.9289918496390962,0.9289918496390962,8.504800000000001,8.504800000000001,8.504800000000001,7.900889882810587,6.326771413939934,1,1,1
18,2020-09-03,2020-09-08,5,3.55,3.55,1,0.9094911885368537,0.9094911885368537,8.435200000000002,8.441200000000002,8.435200000000002,7.6771970206772915,6.998301840573364,1,1,1
18,2020-09-03,2020-09-09,6,4.88,4.88,1,0.9094911885368537,0.9094911885368537,8.379000000000001,8.126,8.379000000000001,7.390525398050473,8.490538125521882,1,1,1
18,2020-09-03,2020-09-10,7,0.66,0.66,1,0.9197807415102168,0.9289918496390962,8.961400000000003,8.708400000000001,8.961400000000003,8.090032623397107,7.504201798807382,1,1,1
19,2020-09-10,2020-09-11,1,3.78,3.78,1,0.9665249557820549,0.9665249557820549,3.7727999999999984,3.7727999999999984,3.7727999999999984,3.6465053531745353,9.374676685247046,1,1,1
19,2020-09-10,2020-09-12,2,5.51,5.51,1,0.9619833640629888,0.9619833640629888,4.183,4.183,4.183,4.0239764118754815,5.760357935744897,1,1,1
19,2020-09-10,2020-09-13,3,3.93,3.93,1,0.9619833640629888,0.9619833640629888,4.237199999999999,4.237199999999999,4.237199999999999,4.076115910207695,6.536837102362882,1,1,1
19,2020-09-10,2020-09-14,4,14.98,14.98,1,0.9568531164397832,0.9568531164397832,3.8859999999999983,3.8859999999999983,3.8859999999999983,3.718331210484996,6.730494101705441,1,1,1
19,2020-09-10,2020-09-15,5,1.83,1.83,1,0.9510657717023815,0.9619833640629888,3.759799999999999,3.7567999999999997,3.759799999999999,3.613979102111836,6.118613448209227,1,1,1
19,2020-09-10,2020-09-16,6,0.97,0.97,1,0.9665249557820549,0.9619833640629888,3.7389999999999985,4.052199999999998,3.7389999999999985,3.8981489878560414,5.999819170932618,1,1,1
19,2020-09-10,2020-09-17,7,11.34,11.34,1,0.9619833640629888,0.9568531164397832,3.7301999999999986,4.059999999999999,3.7301999999999986,3.8848236527455184,8.196881521914662,1,1,1
20,2020-09-17,2020-09-18,1,21.86,21.86,1,0.9740874608965604,0.9740874608965604,9.332800000000002,9.332800000000002,9.332800000000002,9.090963455055421,8.52559504681276,1,1,1
20,2020-09-17,2020-09-19,2,38.04,38.04,1,0.9772173031706538,0.9772173031706538,11.843800000000002,11.843800000000002,11.843800000000002,11.57396629529259,7.485873542924027,1,1,1
20,2020-09-17,2020-09-20,3,4.0,4.0,1,0.9772173031706538,0.9772173031706538,11.811000000000002,11.811000000000002,11.811000000000002,11.541913567748594,5.482787137786467,1,1,1
20,2020-09-17,2020-09-21,4,2.04,2.04,1,0.9772173031706538,0.9772173031706538,11.371600000000003,11.371600000000003,11.371600000000003,11.112524284735409,6.433128959045782,1,1,1
20,2020-09-17,2020-09-22,5,10.23,10.23,1,0.9772173031706538,0.9772173031706538,11.824200000000003,11.824200000000003,11.824200000000003,11.554812836150447,6.334465954974223,1,1,1
20,2020-09-17,2020-09-23,6,4.01,4.01,1,0.9772173031706538,0.9772173031706538,11.032600000000002,11.032600000000002,11.032600000000002,10.781247618960558,6.458898466073909,1,1,1
20,2020-09-17,2020-09-24,7,0.34,0.34,1,0.9772173031706538,0.9772173031706538,10.941600000000005,10.941600000000005,10.941600000000005,10.69232084437203,6.16521217664347,1,1,1
21,2020-09-24,2020-09-25,1,5.55,5.55,1,0.9772173031706538,0.9772173031706538,3.4135999999999997,3.4135999999999997,3.4135999999999997,3.3358289861033437,6.1360352602199315,1,1,1
21,2020-09-24,2020-09-26,2,25.97,25.97,1,0.9705406090312626,0.9705406090312626,2.7464000000000004,2.7464000000000004,2.7464000000000004,2.66549272864346,8.275914410893229,1,1,1
21,2020-09-24,2020-09-27,3,28.81,28.81,1,0.9740874608965604,0.9740874608965604,5.197399999999998,5.197399999999998,5.197399999999998,5.062722169263782,6.10481688741653,1,1,1
21,2020-09-24,2020-09-28,4,17.6,17.6,1,0.9772173031706538,0.9772173031706538,3.4437999999999995,3.5283999999999995,3.4437999999999995,3.4480135325073342,6.5760344459454165,1,1,1
21,2020-09-24,2020-09-29,5,4.91,4.91,1,0.9772173031706538,0.9772173031706538,3.821599999999999,3.8243999999999994,3.821599999999999,3.737269854245848,6.499117227871975,1,1,1
21,2020-09-24,2020-09-30,6,4.76,4.76,1,0.9772173031706538,0.9772173031706538,3.9285999999999994,3.9257999999999993,3.9285999999999994,3.836359688787352,6.863648574548213,1,1,1
21,2020-09-24,2020-10-01,7,5.86,5.86,1,0.9772173031706538,0.9772173031706538,3.7497999999999996,3.7497999999999996,3.7497999999999996,3.664369443429317,7.736558119680405,1,1,1
22,2020-10-01,2020-10-02,1,34.07,34.07,1,0.9772173031706538,0.9772173031706538,5.983599999999999,5.983599999999999,5.983599999999999,5.847277455251923,10.727944839349053,1,1,1
22,2020-10-01,2020-10-03,2,8.74,8.74,1,0.9772173031706538,0.9772173031706538,5.7116,5.7116,5.7116,5.581474348789506,8.6916893807814,1,1,1
22,2020-10-01,2020-10-04,3,10.75,10.75,1,0.9772173031706538,0.9772173031706538,5.095,5.095,5.095,4.978922159654481,8.809820225826114,1,1,1
22,2020-10-01,2020-10-05,4,10.95,10.95,1,0.9772173031706538,0.9772173031706538,5.5312,5.5268,5.5312,5.400884591163569,6.583779782829157,1,1,1
22,2020-10-01,2020-10-06,5,7.92,7.92,1,0.9772173031706538,0.9772173031706538,6.3872,6.3872,6.3872,6.2416823588116,8.273844674182907,1,1,1
22,2020-10-01,2020-10-07,6,6.3,6.3,1,0.9705406090312626,0.9705406090312626,6.979799999999999,6.979799999999999,6.979799999999999,6.774179342916406,7.222159114655284,1,1,1
22,2020-10-01,2020-10-08,7,11.02,11.02,1,0.9705406090312626,0.9705406090312626,7.158599999999999,7.158599999999999,7.158599999999999,6.947712003811195,6.833980981399488,1,1,1
23,2020-10-08,2020-10-09,1,35.98,35.98,1,0.9772173031706538,0.9772173031706538,14.819999999999993,14.819999999999993,14.819999999999993,14.482360432989083,9.076602315332421,1,1,1
23,2020-10-08,2020-10-10,2,28.91,28.91,1,0.9772173031706538,0.9772173031706538,14.4536,14.4536,14.4536,14.124308013107362,7.267258782023632,1,1,1
23,2020-10-08,2020-10-11,3,9.18,9.18,1,0.9772173031706538,0.9772173031706538,13.455,13.455,13.455,13.148458814161147,5.390799993851417,1,1,1
23,2020-10-08,2020-10-12,4,34.41,34.41,1,0.9772173031706538,0.9772173031706538,11.612999999999998,11.486799999999999,11.612999999999998,11.225099718060665,7.115893443757584,1,1,1
23,2020-10-08,2020-10-13,5,21.37,21.37,1,0.9772173031706538,0.9772173031706538,11.206599999999998,11.206599999999998,11.206599999999998,10.951283429712246,9.16691988423188,1,1,1
23,2020-10-08,2020-10-14,6,25.01,25.01,1,0.9772173031706538,0.9772173031706538,11.722000000000001,11.558399999999999,11.722000000000001,11.295068476967684,7.572588436767176,1,1,1
23,2020-10-08,2020-10-15,7,23.28,23.28,1,0.9772173031706538,0.9772173031706538,12.259400000000003,12.301200000000001,12.259400000000003,12.020945489762848,6.900453446824631,1,1,1
24,2020-10-15,2020-10-16,1,19.97,19.97,1,0.9772173031706538,0.9772173031706538,16.656599999999997,16.656599999999997,16.656599999999997,16.27711773199231,8.627317392064079,1,1,1
24,2020-10-15,2020-10-17,2,15.46,15.46,1,0.9772173031706538,0.9772173031706538,16.777199999999997,16.777199999999997,16.777199999999997,16.39497013875469,4.873133040640841,1,1,1
24,2020-10-15,2020-10-18,3,21.87,21.87,1,0.9772173031706538,0.9772173031706538,16.891599999999997,16.891599999999997,16.891599999999997,16.50676379823741,5.320014436225474,1,1,1
24,2020-10-15,2020-10-19,4,7.16,7.16,1,0.9772173031706538,0.9772173031706538,17.083999999999996,17.083999999999996,17.083999999999996,16.694780407367446,5.485512161560364,1,1,1
24,2020-10-15,2020-10-20,5,3.05,3.05,1,0.9772173031706538,0.9772173031706538,16.518199999999993,16.382399999999997,16.518199999999993,16.009164747462915,6.208389065712173,1,1,1
24,2020-10-15,2020-10-21,6,11.4,11.4,1,0.9772173031706538,0.9772173031706538,18.099999999999998,18.099999999999998,18.099999999999998,17.687633187388833,5.174347240272497,1,1,1
24,2020-10-15,2020-10-22,7,3.28,3.28,1,0.9772173031706538,0.9772173031706538,17.995799999999996,17.995799999999996,17.995799999999996,17.585807144398448,3.540776489424372,1,1,1
25,2020-10-22,2020-10-23,1,3.94,3.94,1,0.9705406090312626,0.9705406090312626,16.1116,16.1116,16.1116,15.63696207646809,7.0449337749412475,1,1,1
25,2020-10-22,2020-10-24,2,1.05,1.05,1,0.9705406090312626,0.9705406090312626,16.541399999999996,16.541399999999996,16.541399999999996,16.054100430229724,4.761598208106773,1,1,1
25,2020-10-22,2020-10-25,3,9.62,9.62,1,0.9705406090312626,0.9705406090312626,16.267799999999994,16.289799999999996,16.267799999999994,15.809912412997457,6.322460497783898,1,1,1
25,2020-10-22,2020-10-26,4,16.35,16.35,1,0.9705406090312626,0.9705406090312626,16.809399999999997,16.809399999999997,16.809399999999997,16.314205313450103,5.1560942046162985,1,1,1
25,2020-10-22,2020-10-27,5,3.08,3.08,1,0.9705406090312626,0.9705406090312626,16.752199999999995,16.891399999999997,16.752199999999995,16.393789643390665,6.017250402259577,1,1,1
25,2020-10-22,2020-10-28,6,5.26,5.26,1,0.9705406090312626,0.9705406090312626,16.798599999999997,16.798599999999997,16.798599999999997,16.303723474872566,4.304673751523927,1,1,1
25,2020-10-22,2020-10-29,7,32.98,32.98,1,0.9705406090312626,0.9705406090312626,18.436199999999996,18.436199999999996,18.436199999999996,17.89308077622216,5.059484020966481,1,1,1
26,2020-10-29,2020-10-30,1,3.02,3.02,1,0.9705406090312626,0.9705406090312626,21.0996,21.0996,21.0996,20.478018634316026,7.061246894838082,1,1,1
26,2020-10-29,2020-10-31,2,8.28,8.28,1,0.9705406090312626,0.9705406090312626,17.545,17.545,17.545,17.028134985453505,7.815704969933049,1,1,1
26,2020-10-29,2020-11-01,3,3.44,3.44,1,0.9705406090312626,0.9705406090312626,18.0732,18.0732,18.0732,17.540774535143814,5.8418743061049145,1,1,1
26,2020-10-29,2020-11-02,4,0.05,0.0,0,0.9705406090312626,0.9705406090312626,18.017400000000002,18.017400000000002,18.017400000000002,17.486618369159874,5.49866808617962,1,1,1
26,2020-10-29,2020-11-03,5,0.1,0.0,0,0.9705406090312626,0.9705406090312626,17.8308,17.716,17.8308,17.19409742959785,5.433367888959804,1,1,1
26,2020-10-29,2020-11-04,6,0.24,0.24,1,0.9705406090312626,0.9705406090312626,17.738,17.738,17.738,17.215449322996534,5.596253022327847,1,1,1
26,2020-10-29,2020-11-05,7,0.25,0.25,1,0.9705406090312626,0.9705406090312626,19.1652,18.994,19.1652,18.4344483279398,5.814765974372376,1,1,1
27,2020-11-05,2020-11-06,1,5.42,5.42,1,0.9289918496390962,0.9289918496390962,5.933400000000001,5.933400000000001,5.933400000000001,5.512080240648614,4.250766945105498,1,1,1
27,2020-11-05,2020-11-07,2,11.48,11.48,1,0.9197807415102168,0.9197807415102168,7.786199999999997,7.786199999999997,7.786199999999997,7.161596809546848,3.4330086917772853,1,1,1
27,2020-11-05,2020-11-08,3,0.56,0.56,1,0.9289918496390962,0.9289918496390962,11.187600000000002,11.187600000000002,11.187600000000002,10.393189217022353,3.2632072126912273,1,1,1
27,2020-11-05,2020-11-09,4,4.26,4.26,1,0.9372174938366887,0.9372174938366887,10.6774,10.6774,10.6774,10.00704606869186,2.829795056144317,1,1,1
27,2020-11-05,2020-11-10,5,5.49,5.49,1,0.9289918496390962,0.9197807415102168,9.2974,8.9954,9.2974,8.273795682181005,4.303392777460239,1,1,1
27,2020-11-05,2020-11-11,6,2.52,2.52,1,0.9372174938366887,0.9372174938366887,10.061599999999997,10.472599999999998,10.061599999999997,9.815103925954105,3.951162423158362,1,1,1
27,2020-11-05,2020-11-12,7,0.84,0.84,1,0.9372174938366887,0.944547150359814,10.060799999999997,12.018199999999995,10.060799999999997,11.35175656245431,2.2605266560051858,1,1,1
28,2020-11-12,2020-11-13,1,0.0,0.0,0,0.9665249557820549,0.9665249557820549,5.283800000000001,5.283800000000001,5.283800000000001,5.106924561361223,2.5483345817439074,1,1,1
28,2020-11-12,2020-11-14,2,0.0,0.0,0,0.9619833640629888,0.9619833640629888,5.227799999999999,5.227799999999999,5.227799999999999,5.029056630648492,3.7418542401595296,1,1,1
28,2020-11-12,2020-11-15,3,0.04,0.0,0,0.9568531164397832,0.9568531164397832,5.935600000000002,5.935600000000002,5.935600000000002,5.679497357939979,4.324114948530572,1,1,1
28,2020-11-12,2020-11-16,4,1.02,1.02,1,0.944547150359814,0.944547150359814,6.6676,6.6676,6.6676,6.297862579739096,3.321762448269356,1,1,1
28,2020-11-12,2020-11-17,5,1.13,1.13,1,0.9568531164397832,0.9568531164397832,6.827000000000003,6.827000000000003,6.827000000000003,6.532436225934402,4.111982900694958,1,1,1
28,2020-11-12,2020-11-18,6,0.33,0.33,1,0.9568531164397832,0.9510657717023815,6.756400000000002,6.756400000000002,6.756400000000002,6.425780779929972,3.718013980895964,1,1,1
28,2020-11-12,2020-11-19,7,1.52,1.52,1,0.9568531164397832,0.9568531164397832,6.917800000000001,6.917800000000001,6.917800000000001,6.619318488907133,2.660888375279863,1,1,1
29,2020-11-19,2020-11-20,1,1.78,1.78,1,0.9568531164397832,0.9568531164397832,3.7823999999999995,3.7823999999999995,3.7823999999999995,3.6192012276218355,2.3215678738354106,1,1,1
29,2020-11-19,2020-11-21,2,2.85,2.85,1,0.9372174938366887,0.9372174938366887,6.130200000000001,6.130200000000001,6.130200000000001,5.745330680717671,3.1900641816304995,1,1,1
29,2020-11-19,2020-11-22,3,1.0,1.0,1,0.9619833640629888,0.9510657717023815,5.6386,5.6386,5.6386,5.362679460321049,1.6654981765857837,1,1,1
29,2020-11-19,2020-11-23,4,4.23,4.23,1,0.9665249557820549,0.9665249557820549,4.918,4.918,4.918,4.753369732536146,2.195082390036487,1,1,1
29,2020-11-19,2020-11-24,5,0.07,0.0,0,0.9740874608965604,0.9740874608965604,4.367400000000002,4.367400000000002,4.367400000000002,4.25422957671964,1.8236366479808501,1,1,1
29,2020-11-19,2020-11-25,6,1.33,1.33,1,0.9665249557820549,0.9665249557820549,4.367400000000002,4.212000000000001,4.367400000000002,4.071003113754016,2.527355380186264,1,1,1
29,2020-11-19,2020-11-26,7,0.46,0.46,1,0.9665249557820549,0.9665249557820549,4.410400000000001,4.556400000000001,4.410400000000001,4.4038743085253556,2.382722851774033,1,1,1
30,2020-11-26,2020-11-27,1,0.13,0.13,1,0.8712029779086484,0.8712029779086484,3.8763999999999994,3.8763999999999994,3.8763999999999994,3.377131223565084,1.3393108785352732,1,1,1
30,2020-11-26,2020-11-28,2,7.04,7.04,1,0.8199245647669986,0.8199245647669986,3.1018,3.1018,3.1018,2.5432420149942763,2.0649158626032524,1,1,1
30,2020-11-26,2020-11-29,3,13.59,13.59,1,0.8556602744996351,0.8385894445978388,4.24,4.2818000000000005,4.24,3.5906722838790266,1.8093811991007291,1,1,1
30,2020-11-26,2020-11-30,4,9.63,9.63,1,0.8712029779086484,0.8385894445978388,4.8364,5.061400000000001,4.8364,4.244436614887502,1.5089336025331719,1,1,1
30,2020-11-26,2020-12-01,5,2.74,2.74,1,0.8712029779086484,0.8712029779086484,4.640800000000001,4.6416,4.640800000000001,4.043775742260783,0.9783987179617962,1,1,1
30,2020-11-26,2020-12-02,6,0.46,0.46,1,0.8852963800314514,0.9094911885368537,4.891800000000001,4.671400000000001,4.891800000000001,4.24859713813106,0.9856440491176733,1,1,1
30,2020-11-26,2020-12-03,7,0.0,0.0,0,0.9094911885368537,0.8852963800314514,4.849200000000001,4.6166,4.849200000000001,4.087059268053198,0.5882310236146792,1,1,1
31,2020-12-03,2020-12-04,1,0.0,0.0,0,0.1796624150598939,0.1796624150598939,3.8726000000000016,3.8726000000000016,0.0,0.6957606685609453,0.31262765681433463,0,0,1
31,2020-12-03,2020-12-05,2,0.03,0.0,0,0.1439942742840887,0.1439942742840887,3.933600000000002,3.933600000000002,0.0,0.5664158773238916,0.7176778044390135,0,0,1
31,2020-12-03,2020-12-06,3,0.25,0.25,1,0.16103193715365624,0.24548570188891197,3.2822000000000005,3.959000000000001,0.0,0.9718778937782028,0.26667042376573075,0,0,1
31,2020-12-03,2020-12-07,4,0.1,0.0,0,0.16103193715365624,0.22187567242743259,3.403400000000001,3.7788000000000013,0.0,0.8384237909687825,0.7781258207980559,0,0,1
31,2020-12-03,2020-12-08,5,0.28,0.28,1,0.1796624150598939,0.19993466970424487,3.9978000000000016,3.777800000000001,0.0,0.7553131952086964,0.4284173879065188,0,0,1
31,2020-12-03,2020-12-09,6,0.1,0.0,0,0.19993466970424487,0.1796624150598939,4.165800000000002,4.641400000000001,0.0,0.8338851332589916,0.4649378218679191,0,0,1
31,2020-12-03,2020-12-10,7,0.77,0.77,1,0.22187567242743259,0.19993466970424487,4.2002000000000015,4.7038,0.0,0.940452699354827,0.3882401175109718,0,0,1
32,2020-12-10,2020-12-11,1,0.79,0.79,1,0.8980281388392921,0.8980281388392921,1.1703999999999999,1.1703999999999999,1.1703999999999999,1.0510521336975074,1.8744835596972051,1,1,1
32,2020-12-10,2020-12-12,2,1.42,1.42,1,0.9510657717023815,0.9510657717023815,3.2456,3.2456,3.2456,3.0867790686372496,1.7681345325817128,1,1,1
32,2020-12-10,2020-12-13,3,0.31,0.31,1,0.9568531164397832,0.9568531164397832,2.6286000000000005,2.6272000000000006,2.6286000000000005,2.513844507510599,0.8464586270835958,1,1,1
32,2020-12-10,2020-12-14,4,1.74,1.74,1,0.9568531164397832,0.9568531164397832,2.7916000000000007,2.592800000000001,2.7916000000000007,2.480928760305071,0.7891477688783638,1,1,1
32,2020-12-10,2020-12-15,5,1.91,1.91,1,0.944547150359814,0.944547150359814,2.4646,2.4772000000000003,2.4646,2.3398322008713315,0.7941946923228489,1,1,1
32,2020-12-10,2020-12-16,6,0.45,0.45,1,0.9289918496390962,0.9197807415102168,2.349,2.6679999999999997,2.349,2.4539750183492584,0.8809479913455307,1,1,1
32,2020-12-10,2020-12-17,7,0.2,0.2,1,0.9094911885368537,0.9197807415102168,2.6557999999999997,2.6815999999999995,2.6557999999999997,2.466484036433797,0.5131270424609926,1,1,1
33,2020-12-17,2020-12-18,1,0.06,0.0,0,0.7776405689387923,0.7776405689387923,2.2221999999999995,2.2221999999999995,2.2221999999999995,1.7280728722957839,1.6702263807877022,1,1,1
33,2020-12-17,2020-12-19,2,0.0,0.0,0,0.7776405689387923,0.7776405689387923,1.5575999999999997,1.5575999999999997,1.5575999999999997,1.2112529501790625,0.8168345518386076,1,1,1
33,2020-12-17,2020-12-20,3,0.0,0.0,0,0.8556602744996351,0.8556602744996351,2.865200000000001,2.840800000000001,2.865200000000001,2.4307597077985643,1.2353973299165935,1,1,1
33,2020-12-17,2020-12-21,4,0.23,0.23,1,0.8385894445978388,0.8385894445978388,2.3694000000000006,2.653,2.3694000000000006,2.224777796518066,0.9873313898257858,1,1,1
33,2020-12-17,2020-12-22,5,3.31,3.31,1,0.7776405689387923,0.7776405689387923,2.4542,2.4544,2.4542,1.908641012403372,0.8734956641944772,1,1,1
33,2020-12-17,2020-12-23,6,8.66,8.66,1,0.8199245647669986,0.8199245647669986,2.3994,2.6069999999999998,2.3994,2.137543340347565,0.7462839710147013,1,1,1
33,2020-12-17,2020-12-24,7,8.23,8.23,1,0.8199245647669986,0.799617090604183,2.4139999999999997,2.5358,2.4139999999999997,2.027669018354087,0.8484839754120029,1,1,1
34,2020-12-24,2020-12-25,1,16.92,16.92,1,0.9665249557820549,0.9665249557820549,5.680600000000002,5.680600000000002,5.680600000000002,5.490441663815543,2.040590551413371,1,1,1
34,2020-12-24,2020-12-26,2,0.0,0.0,0,0.9665249557820549,0.9665249557820549,5.7408,5.7408,5.7408,5.548626466153621,1.3204698401113473,1,1,1
34,2020-12-24,2020-12-27,3,0.0,0.0,0,0.9705406090312626,0.9705406090312626,4.9235999999999995,4.9235999999999995,4.9235999999999995,4.7785537426263245,0.44096362564373914,1,1,1
34,2020-12-24,2020-12-28,4,0.0,0.0,0,0.9705406090312626,0.9705406090312626,4.9466,4.9466,4.9466,4.800876176634044,1.2414332651261952,1,1,1
34,2020-12-24,2020-12-29,5,0.0,0.0,0,0.9705406090312626,0.9705406090312626,4.714600000000001,4.65,4.714600000000001,4.513013831995371,1.4580944464982728,1,1,1
34,2020-12-24,2020-12-30,6,0.12,0.12,1,0.9705406090312626,0.9705406090312626,4.759800000000001,4.8154,4.759800000000001,4.673541248729142,1.91692687222665,1,1,1
34,2020-12-24,2020-12-31,7,0.03,0.0,0,0.9705406090312626,0.9705406090312626,4.917200000000001,4.917200000000001,4.917200000000001,4.772342282728525,1.2037812516640234,1,1,1
35,2020-12-31,2021-01-01,1,0.42,0.42,1,0.7287128867479443,0.7287128867479443,1.0432000000000003,1.0432000000000003,1.0432000000000003,0.7601932834554558,0.509444428689982,1,1,1
35,2020-12-31,2021-01-02,2,0.01,0.0,0,0.32584577446542273,0.32584577446542273,0.9490000000000002,0.9490000000000002,0.0,0.3092276399676862,0.3234335842187159,0,0,1
35,2020-12-31,2021-01-03,3,0.01,0.0,0,0.5161361156690096,0.5489676592022718,2.3772000000000006,2.42,2.3772000000000006,1.3285017352694977,0.45521705504289295,1,1,1
35,2020-12-31,2021-01-04,4,1.92,1.92,1,0.1796624150598939,0.5489676592022718,0.9246000000000003,1.1740000000000002,0.0,0.6444880319034672,0.3550111356538774,0,1,1
35,2020-12-31,2021-01-05,5,4.31,4.31,1,0.4503391917399896,0.4179404221358747,6.4134,3.830800000000001,0.0,1.601046169118109,0.352032064287242,0,0,1
35,2020-12-31,2021-01-06,6,0.04,0.0,0,0.1796624150598939,0.5161361156690096,0.9740000000000001,1.9772000000000005,0.0,1.0205043279007662,0.3551479113480745,0,1,1
35,2020-12-31,2021-01-07,7,0.16,0.16,1,0.2707339678188999,0.4179404221358747,0.8994,5.055200000000001,0.0,2.112772421981274,0.18350128092215426,0,0,1
36,2021-01-07,2021-01-08,1,0.1,0.0,0,0.2975549378279532,0.2975549378279532,0.8632,0.8632,0.0,0.2568494223330892,0.6703034830248474,0,0,1
36,2021-01-07,2021-01-09,2,0.0,0.0,0,0.4503391917399896,0.4503391917399896,1.759599999999999,1.759599999999999,0.0,0.7924168417856852,0.6038119246408707,0,0,1
36,2021-01-07,2021-01-10,3,0.0,0.0,0,0.19993466970424487,0.4179404221358747,0.8370000000000001,1.7123999999999995,0.0,0.7156811788654716,0.42301123723635337,0,0,1
36,2021-01-07,2021-01-11,4,0.0,0.0,0,0.24548570188891197,0.4179404221358747,0.8342000000000002,1.7936,0.0,0.7496179411429048,0.4154904332753427,0,0,1
36,2021-01-07,2021-01-12,5,0.0,0.0,0,0.2707339678188999,0.4503391917399896,0.8108,1.7691999999999999,0.0,0.7967400980263896,0.29323853645602094,0,0,1
36,2021-01-07,2021-01-13,6,0.0,0.0,0,0.32584577446542273,0.48316468731196066,0.8016,2.3132,0.0,1.1176565546900274,0.7440223277303589,0,0,1
36,2021-01-07,2021-01-14,7,0.0,0.0,0,0.22187567242743259,0.4179404221358747,0.8135999999999999,1.7599999999999998,0.0,0.7355751429591394,0.31563179573372335,0,0,1
37,2021-01-14,2021-01-15,1,0.0,0.0,0,0.07082367833567782,0.07082367833567782,3.245400000000001,3.245400000000001,0.0,0.22985116567060887,0.05963037187078119,0,0,0
37,2021-01-14,2021-01-16,2,0.0,0.0,0,0.07082367833567782,0.07082367833567782,3.245400000000001,3.245400000000001,0.0,0.22985116567060887,0.11220791644397157,0,0,1
37,2021-01-14,2021-01-17,3,0.0,0.0,0,0.07082367833567782,0.1439942742840887,3.258600000000001,2.3780000000000006,0.0,0.342418384247563,0.22963142213980106,0,0,1
37,2021-01-14,2021-01-18,4,0.0,0.0,0,0.07082367833567782,0.12848318391278452,3.258600000000001,2.2804,0.0,0.2929930525947138,0.41837557954702115,0,0,1
37,2021-01-14,2021-01-19,5,0.0,0.0,0,0.07082367833567782,0.12848318391278452,3.258600000000001,2.2930000000000006,0.0,0.29461194071201496,0.4091822362305108,0,0,1
37,2021-01-14,2021-01-20,6,0.0,0.0,0,0.06261796314626675,0.12848318391278452,3.258600000000001,2.4142000000000006,0.0,0.31018410260224444,0.318739136964816,0,0,1
37,2021-01-14,2021-01-21,7,0.0,0.0,0,0.07082367833567782,0.11441961280443151,3.262400000000001,2.5435999999999996,0.0,0.29103772712935194,0.24704324081235812,0,0,1
38,2021-01-21,2021-01-22,1,0.11,0.11,1,0.12848318391278452,0.12848318391278452,2.2687999999999993,2.2687999999999993,0.0,0.2915026476613254,1.359493242237698,0,0,1
38,2021-01-21,2021-01-23,2,0.01,0.0,0,0.12848318391278452,0.12848318391278452,2.2741999999999996,2.2741999999999996,0.0,0.2921964568544545,0.4559241463365711,0,0,1
38,2021-01-21,2021-01-24,3,0.0,0.0,0,0.16103193715365624,0.3862346697707037,2.3038,2.9337999999999993,0.0,1.1331352741732903,0.20834907392036484,0,0,1
38,2021-01-21,2021-01-25,4,0.0,0.0,0,0.16103193715365624,0.4503391917399896,2.3573999999999997,2.3327999999999993,0.0,1.0505512664910475,0.5526474602231184,0,0,1
38,2021-01-21,2021-01-26,5,0.0,0.0,0,0.16103193715365624,0.5813783171575329,2.318199999999999,3.7114,0.0,2.1577274862984672,0.2830572340940387,0,1,1
38,2021-01-21,2021-01-27,6,0.0,0.0,0,0.16103193715365624,0.5813783171575329,2.318199999999999,3.5867999999999993,0.0,2.0852877479806384,0.2027833702400157,0,1,1
38,2021-01-21,2021-01-28,7,0.0,0.0,0,0.16103193715365624,0.613101398086443,2.318199999999999,4.071800000000001,0.0,2.4964262727283795,0.21056599415635943,0,1,1
39,2021-01-28,2021-01-29,1,0.0,0.0,0,0.5813783171575329,0.5813783171575329,0.7928000000000002,0.7928000000000002,0.7928000000000002,0.46091672984249216,0.7523727689227154,1,1,1
39,2021-01-28,2021-01-30,2,0.0,0.0,0,0.5813783171575329,0.5813783171575329,0.7856000000000002,0.7856000000000002,0.7856000000000002,0.45673080595895793,0.6445395942463281,1,1,1
39,2021-01-28,2021-01-31,3,0.0,0.0,0,0.7776405689387923,0.799617090604183,2.8906,4.088200000000001,2.8906,3.2689945898080217,0.26522664002424245,1,1,1
39,2021-01-28,2021-02-01,4,0.0,0.0,0,0.7018595209289377,0.7018595209289377,2.4220000000000006,2.8036000000000008,2.4220000000000006,1.96773335287637,0.2464303373831372,1,1,1
39,2021-01-28,2021-02-02,5,0.0,0.0,0,0.7539953367844525,0.7776405689387923,2.3864,2.5054000000000003,2.3864,1.9483006814192505,0.1587756242644354,1,1,1
39,2021-01-28,2021-02-03,6,0.0,0.0,0,0.7539953367844525,0.7539953367844525,2.3624000000000005,2.248,2.3624000000000005,1.6949815170914495,0.21789769307189677,1,1,1
39,2021-01-28,2021-02-04,7,0.0,0.0,0,0.7287128867479443,0.7539953367844525,2.3806000000000003,2.306,2.3806000000000003,1.7387132466249475,0.1771780637373163,1,1,1
40,2021-02-04,2021-02-05,1,0.0,0.0,0,0.055306382894803566,0.055306382894803566,1.3153999999999997,1.3153999999999997,0.0,0.07275001605982459,0.05917171512064174,0,0,0
40,2021-02-04,2021-02-06,2,0.0,0.0,0,0.07082367833567782,0.07082367833567782,1.3317999999999999,1.3317999999999999,0.0,0.09432297480745572,0.13665976594371582,0,0,1
40,2021-02-04,2021-02-07,3,0.22,0.22,1,0.07082367833567782,0.22187567242743259,1.3658,1.5294000000000003,0.0,0.33933665341051544,0.09419990760973793,0,0,0
40,2021-02-04,2021-02-08,4,0.0,0.0,0,0.07082367833567782,0.12848318391278452,1.3888,1.72,0.0,0.22099107632998935,0.05870752841777403,0,0,0
40,2021-02-04,2021-02-09,5,0.01,0.0,0,0.07082367833567782,0.12848318391278452,1.3888,2.6708,0.0,0.3431528875942649,0.1045873918005056,0,0,1
40,2021-02-04,2021-02-10,6,0.81,0.81,1,0.07082367833567782,0.12848318391278452,1.3888,2.2364,0.0,0.2873397925025513,0.12117562285102255,0,0,1
40,2021-02-04,2021-02-11,7,1.74,1.74,1,0.07082367833567782,0.12848318391278452,1.3888,2.144,0.0,0.27546794630901,0.10003286997117489,0,0,1
41,2021-02-11,2021-02-12,1,0.04,0.0,0,0.9094911885368537,0.9094911885368537,4.5424,4.5424,4.5424,4.131272774809804,2.51037304122187,1,1,1
41,2021-02-11,2021-02-13,2,0.0,0.0,0,0.9197807415102168,0.9197807415102168,5.251000000000001,5.251000000000001,5.251000000000001,4.8297686736701495,0.5921424899392286,1,1,1
41,2021-02-11,2021-02-14,3,0.0,0.0,0,0.8980281388392921,0.8980281388392921,5.451000000000001,5.352600000000001,5.451000000000001,4.806785415951196,0.44782263636746683,1,1,1
41,2021-02-11,2021-02-15,4,0.0,0.0,0,0.8980281388392921,0.8852963800314514,5.153200000000001,5.077400000000001,5.153200000000001,4.495003839971692,0.3581239331838916,1,1,1
41,2021-02-11,2021-02-16,5,0.0,0.0,0,0.8980281388392921,0.8980281388392921,5.659400000000001,5.546000000000001,5.659400000000001,4.980464058002715,0.414936158285371,1,1,1
41,2021-02-11,2021-02-17,6,0.0,0.0,0,0.8980281388392921,0.8980281388392921,5.3936,5.344000000000001,5.3936,4.799062373957178,0.45424255972352195,1,1,1
41,2021-02-11,2021-02-18,7,0.0,0.0,0,0.8852963800314514,0.8852963800314514,5.3366,5.0668,5.3366,4.485619698343358,0.29124885734385786,1,1,1
42,2021-02-18,2021-02-19,1,0.0,0.0,0,0.06261796314626675,0.06261796314626675,2.6828000000000016,2.6828000000000016,0.0,0.16799147152880453,0.037073418536729366,0,0,0
42,2021-02-18,2021-02-20,2,0.0,0.0,0,0.06261796314626675,0.06261796314626675,2.6760000000000015,2.6760000000000015,0.0,0.16756566937940992,0.0964931868177155,0,0,0
42,2021-02-18,2021-02-21,3,0.0,0.0,0,0.06261796314626675,0.12848318391278452,2.7630000000000012,2.5602000000000005,0.0,0.328942647453511,0.05583541828702979,0,0,0
42,2021-02-18,2021-02-22,4,0.0,0.0,0,0.07082367833567782,0.12848318391278452,2.7630000000000012,2.7037999999999998,0.0,0.3473928326633867,0.07068712411479011,0,0,0
42,2021-02-18,2021-02-23,5,0.0,0.0,0,0.07082367833567782,0.12848318391278452,2.7630000000000012,2.5117999999999996,0.0,0.3227240613521321,0.15207779179929526,0,0,1
42,2021-02-18,2021-02-24,6,0.0,0.0,0,0.07082367833567782,0.11441961280443151,2.7630000000000012,2.5395999999999996,0.0,0.29058004867813425,0.1445576701388773,0,0,1
42,2021-02-18,2021-02-25,7,0.0,0.0,0,0.07082367833567782,0.11441961280443151,2.7630000000000012,2.5036,0.0,0.28646094261717475,0.06768924531833337,0,0,0
43,2021-02-25,2021-02-26,1,0.0,0.0,0,0.10171575601197937,0.10171575601197937,1.5108000000000001,1.5108000000000001,0.0,0.15367216418289845,0.1655512076402754,0,0,1
43,2021-02-25,2021-02-27,2,0.0,0.0,0,0.08001291795397777,0.08001291795397777,1.5116,1.5116,0.0,0.1209475267792328,0.20500181036586157,0,0,1
43,2021-02-25,2021-02-28,3,0.0,0.0,0,0.08001291795397777,0.24548570188891197,1.3101999999999996,2.2880000000000003,0.0,0.5616712859218307,0.21501121091279254,0,0,1
43,2021-02-25,2021-03-01,4,0.0,0.0,0,0.08001291795397777,0.2975549378279532,1.3101999999999996,1.0664000000000002,0.0,0.31731258569972937,0.1702292942829903,0,0,1
43,2021-02-25,2021-03-02,5,0.0,0.0,0,0.09027860185082555,0.35546527834685354,1.4955999999999998,3.7016000000000004,0.0,1.3157902743287133,0.21685839257203132,0,0,1
43,2021-02-25,2021-03-03,6,0.0,0.0,0,0.09027860185082555,0.3862346697707037,1.4955999999999998,2.0744,0.0,0.8012051989723477,0.19593578769533476,0,0,1
43,2021-02-25,2021-03-04,7,0.0,0.0,0,0.08001291795397777,0.35546527834685354,1.4955999999999998,2.563999999999999,0.0,0.9114129736813322,0.19917157446737693,0,0,1
44,2021-03-04,2021-03-05,1,0.0,0.0,0,0.09027860185082555,0.09027860185082555,0.4677999999999999,0.4677999999999999,0.0,0.04223232994581618,0.045708460578727954,0,0,0
44,2021-03-04,2021-03-06,2,0.0,0.0,0,0.09027860185082555,0.09027860185082555,0.4677999999999999,0.4677999999999999,0.0,0.04223232994581618,0.062436442431517816,0,0,0
44,2021-03-04,2021-03-07,3,0.0,0.0,0,0.09027860185082555,0.12848318391278452,0.4677999999999999,0.4411999999999998,0.0,0.0566867807423205,0.038646107217941886,0,0,0
44,2021-03-04,2021-03-08,4,0.0,0.0,0,0.09027860185082555,0.12848318391278452,0.4677999999999999,0.45959999999999995,0.0,0.05905087132631576,0.0513656678301315,0,0,0
44,2021-03-04,2021-03-09,5,0.0,0.0,0,0.09027860185082555,0.11441961280443151,0.5211999999999999,0.6057999999999999,0.0,0.06931540143692459,0.061673606609027105,0,0,0
44,2021-03-04,2021-03-10,6,0.0,0.0,0,0.09027860185082555,0.16103193715365624,0.5211999999999999,0.5843999999999998,0.0,0.09410706407259668,0.07549811949442625,0,0,0
44,2021-03-04,2021-03-11,7,0.0,0.0,0,0.09027860185082555,0.1439942742840887,0.5211999999999999,0.5843999999999999,0.0,0.08415025389162142,0.06586496434437106,0,0,0
45,2021-03-11,2021-03-12,1,0.0,0.0,0,0.07082367833567782,0.07082367833567782,0.4615999999999999,0.4615999999999999,0.0,0.032692209919748874,0.05473295886545546,0,0,0
45,2021-03-11,2021-03-13,2,0.0,0.0,0,0.07082367833567782,0.07082367833567782,0.4615999999999999,0.4615999999999999,0.0,0.032692209919748874,0.0628488187268611,0,0,0
45,2021-03-11,2021-03-14,3,0.0,0.0,0,0.07082367833567782,0.09027860185082555,0.4867999999999999,0.4805999999999998,0.0,0.04338789604950674,0.08092399544875745,0,0,0
45,2021-03-11,2021-03-15,4,0.0,0.0,0,0.07082367833567782,0.08001291795397777,0.573,0.5753999999999998,0.0,0.0460394329907188,0.054528381958972805,0,0,0
45,2021-03-11,2021-03-16,5,0.0,0.0,0,0.07082367833567782,0.08001291795397777,0.7851999999999997,0.6122,0.0,0.04898390837142519,0.09730683088751504,0,0,0
45,2021-03-11,2021-03-17,6,0.0,0.0,0,0.07082367833567782,0.08001291795397777,0.7667999999999996,0.6155999999999997,0.0,0.049255952292468694,0.11439506535070905,0,0,1
45,2021-03-11,2021-03-18,7,0.0,0.0,0,0.07082367833567782,0.10171575601197937,0.7689999999999997,0.5913999999999998,0.0,0.06015469810548458,0.13958656508865291,0,0,1
46,2021-03-18,2021-03-19,1,0.0,0.0,0,0.06261796314626675,0.06261796314626675,0.9480000000000001,0.9480000000000001,0.0,0.05936182906266088,0.13117264486032465,0,0,1
46,2021-03-18,2021-03-20,2,0.0,0.0,0,0.06261796314626675,0.06261796314626675,0.9344,0.9344,0.0,0.058510224763871646,0.0915797708534601,0,0,0
46,2021-03-18,2021-03-21,3,0.28,0.28,1,0.06261796314626675,0.1796624150598939,0.9344,0.9861999999999999,0.0,0.17718307373206732,0.08465496127087961,0,0,0
46,2021-03-18,2021-03-22,4,0.15,0.15,1,0.07082367833567782,0.1796624150598939,0.9344,0.7711999999999999,0.0,0.13855565449419013,0.12598562159560578,0,0,1
46,2021-03-18,2021-03-23,5,0.03,0.0,0,0.07082367833567782,0.24548570188891197,0.9358,1.6554000000000004,0.0,0.40637703090690497,0.12523195490027436,0,0,1
46,2021-03-18,2021-03-24,6,0.28,0.28,1,0.07082367833567782,0.2707339678188999,0.9358,0.9037999999999998,0.0,0.2446893601147217,0.13599264834772518,0,0,1
46,2021-03-18,2021-03-25,7,0.08,0.0,0,0.07082367833567782,0.35546527834685354,0.9358,2.4802,0.0,0.8816249833558661,0.1168455101792736,0,0,1
47,2021-03-25,2021-03-26,1,0.04,0.0,0,0.6438929936100912,0.6438929936100912,2.035400000000001,2.035400000000001,2.035400000000001,1.3105797991939803,0.36780839301205437,1,1,1
47,2021-03-25,2021-03-27,2,0.0,0.0,0,0.5161361156690096,0.5161361156690096,0.8474000000000007,0.8474000000000007,0.8474000000000007,0.43737374441791915,0.1811025797069469,1,1,1
47,2021-03-25,2021-03-28,3,0.0,0.0,0,0.8199245647669986,0.799617090604183,3.487199999999999,2.6412000000000004,3.487199999999999,2.1119486597037684,0.36515887229149496,1,1,1
47,2021-03-25,2021-03-29,4,0.0,0.0,0,0.799617090604183,0.7539953367844525,1.999,2.104,1.999,1.5864061885944882,0.5007450769080982,1,1,1
47,2021-03-25,2021-03-30,5,0.0,0.0,0,0.7776405689387923,0.8385894445978388,1.5302,2.3844,1.5302,1.9995326716990867,0.6325529130203495,1,1,1
47,2021-03-25,2021-03-31,6,0.0,0.0,0,0.6438929936100912,0.6735388858836466,1.5910000000000002,1.9805999999999997,1.5910000000000002,1.3340111173811504,0.535323234866956,1,1,1
47,2021-03-25,2021-04-01,7,0.0,0.0,0,0.7018595209289377,0.7776405689387923,1.4168000000000003,2.0979999999999994,1.4168000000000003,1.6314899136335859,0.817129277048435,1,1,1
48,2021-04-01,2021-04-02,1,0.39,0.39,1,0.08001291795397777,0.08001291795397777,1.3196,1.3196,0.0,0.10558504653206909,0.8574505543615016,0,0,1
48,2021-04-01,2021-04-03,2,3.02,3.02,1,0.09027860185082555,0.09027860185082555,1.3429999999999997,1.3429999999999997,0.0,0.1212441622856587,0.5793961380957203,0,0,1
48,2021-04-01,2021-04-04,3,0.34,0.34,1,0.08001291795397777,0.2707339678188999,1.3248,1.4904,0.0,0.40350190563728844,0.49547448732417176,0,0,1
48,2021-04-01,2021-04-05,4,0.06,0.0,0,0.08001291795397777,0.32584577446542273,1.2433999999999998,1.3039999999999998,0.0,0.4249028899029112,0.7679934306667421,0,0,1
48,2021-04-01,2021-04-06,5,0.04,0.0,0,0.08001291795397777,0.4179404221358747,1.162,3.4482,0.0,1.441142163608923,0.7356607596780506,0,0,1
48,2021-04-01,2021-04-07,6,0.01,0.0,0,0.08001291795397777,0.4503391917399896,1.1654,2.939000000000001,0.0,1.3235468845238298,0.7904799177967059,0,0,1
48,2021-04-01,2021-04-08,7,0.79,0.79,1,0.08001291795397777,0.32584577446542273,1.1654,3.6153999999999984,0.0,1.1780628130022888,0.6154168019308915,0,0,1
49,2021-04-08,2021-04-09,1,3.67,3.67,1,0.3862346697707037,0.3862346697707037,0.9822,0.9822,0.0,0.37935969264878516,0.7070913815604742,0,0,1
49,2021-04-08,2021-04-10,2,0.76,0.76,1,0.7776405689387923,0.7776405689387923,2.0839999999999996,2.0839999999999996,2.0839999999999996,1.6206029456684428,0.5534955909254121,1,1,1
49,2021-04-08,2021-04-11,3,0.37,0.37,1,0.19993466970424487,0.7776405689387923,0.921,2.1990000000000007,0.0,1.710031611096405,0.40878309770788857,0,1,1
49,2021-04-08,2021-04-12,4,0.13,0.13,1,0.8199245647669986,0.7776405689387923,4.9784000000000015,2.338199999999999,4.9784000000000015,1.8182791782926835,0.8356410413008845,1,1,1
49,2021-04-08,2021-04-13,5,0.89,0.89,1,0.22187567242743259,0.7776405689387923,1.0564000000000004,2.4987999999999992,0.0,1.9431682536642536,0.8660567805491175,0,1,1
49,2021-04-08,2021-04-14,6,2.19,2.19,1,0.7018595209289377,0.7287128867479443,4.500600000000002,2.008,4.500600000000002,1.4632554765898722,0.9564970258487434,1,1,1
49,2021-04-08,2021-04-15,7,9.02,9.02,1,0.24548570188891197,0.7287128867479443,0.9782000000000002,1.9994,0.0,1.4569885457638398,0.541234366417892,0,1,1
