Model,Horizon,POD,FAR,CSI,Brier,Pure_Cond_MAE,Pure_Cond_RMSE,Pure_Cond_Bias,E2E_Wet_MAE,E2E_Wet_RMSE,E2E_Wet_Bias,Overall_MAE,Overall_RMSE,Overall_Bias,Raw_MAE,n_samples,n_wet
Hurdle + Recursive + Hard-Gate,1,0.9117647058823529,0.16216216216216217,0.775,0.11757907112242398,7.218476470588236,11.19061336683036,-0.08898235294117665,7.171235294117646,11.191775332858343,-0.2234117647058825,5.205048000000001,9.294486737760186,0.176688,5.202248000000001,50,34
Hurdle + Recursive + Hard-Gate,2,0.9666666666666667,0.21621621621621623,0.7631578947368421,0.13495492075260865,8.164213333333334,11.390238379946224,-2.547613333333333,8.208980000000002,11.399464872761937,-2.5923799999999995,5.466944,8.987858419534655,-1.0138719999999999,5.466544,50,30
Hurdle + Recursive + Hard-Gate,3,0.8235294117647058,0.2222222222222222,0.6666666666666666,0.19465805573208755,9.768082352941178,19.012292728591333,-1.5616941176470587,9.675488235294118,19.0101338124139,-1.941935294117647,7.230935999999999,15.76850036349684,-0.6689119999999998,7.230935999999999,50,34
Hurdle + Recursive + Hard-Gate,4,0.8823529411764706,0.16666666666666666,0.75,0.14282825460497545,11.982629411764707,27.36550723789089,-5.031464705882352,11.925517647058824,27.361296925272768,-5.213282352941176,8.879916000000001,22.748702191676777,-2.774468,8.882116000000002,50,34
Hurdle + Recursive + Hard-Gate,5,0.875,0.2,0.717948717948718,0.17293704558153333,6.351237500000001,10.226376654147842,2.453825,6.345756250000001,10.22841564729113,2.0802187500000002,4.883331999999999,8.6815265567756,2.153388,4.881332,50,32
Hurdle + Recursive + Hard-Gate,6,0.9142857142857143,0.08571428571428572,0.8421052631578947,0.09171012940956878,6.960262857142856,11.462117086422436,2.2334742857142866,6.99988,11.473197286446107,2.1233085714285718,5.086856000000001,9.637844255641403,1.6732560000000003,5.090456,50,35
Hurdle + Recursive + Hard-Gate,7,0.8484848484848485,0.2,0.7,0.17583434870330636,7.866775757575758,10.740000114891936,0.8101818181818187,7.85289696969697,10.751819695457899,0.548606060606061,5.668456,8.85585919002781,0.8476240000000004,5.668056,50,33
Hurdle + Recursive + Expected,1,0.9117647058823529,0.16216216216216217,0.775,0.11757907112242398,7.218476470588236,11.19061336683036,-0.08898235294117665,7.006793999786258,11.071049680105896,-0.49716100761811705,5.07281429460547,9.18344900935216,-0.029875110429505747,5.066014294605469,50,34
Hurdle + Recursive + Expected,2,0.9666666666666667,0.21621621621621623,0.7631578947368421,0.13495492075260865,8.164213333333334,11.390238379946224,-2.547613333333333,8.17073673475463,11.439839640407552,-2.941857309408521,5.45070534333518,8.999979684800223,-1.216851083162711,5.44830534333518,50,30
Hurdle + Recursive + Expected,3,0.8529411764705882,0.21621621621621623,0.6904761904761905,0.17321022712913423,9.801776470588235,19.017367938189306,-1.532741176470588,9.51587354756034,18.938302418201765,-2.1124500564797803,7.054234127804489,15.68407311481377,-0.8530259229427933,7.052234127804488,50,34
Hurdle + Recursive + Expected,4,0.9117647058823529,0.16216216216216217,0.775,0.131850313382363,11.885888235294116,27.354555824944406,-5.07414705882353,11.675275664166342,27.322896391989566,-5.54797498275405,8.69302599281671,22.693508112810836,-3.018784447089156,8.68882599281671,50,34
Hurdle + Recursive + Expected,5,0.90625,0.23684210526315788,0.7073170731707317,0.18045084321752825,6.42090625,10.226450359178887,2.5131312500000003,6.061104433148943,9.990093240272639,1.908510926754803,4.880887725889155,8.48768915621973,2.2232278817969053,4.874887725889155,50,32
Hurdle + Recursive + Expected,6,0.9142857142857143,0.1794871794871795,0.7619047619047619,0.11030597319171247,6.879079999999999,11.479767944444072,2.2702000000000004,6.659881711355196,11.298399515514047,1.7935361483111005,5.069171238356736,9.505414138129403,1.6627293442258693,5.065571238356736,50,35
Hurdle + Recursive + Expected,7,0.8787878787878788,0.21621621621621623,0.7073170731707317,0.1706395212660054,8.093169696969698,10.803127874160083,1.150757575757576,7.72809393754154,10.613746418868294,0.4634810860979031,5.743991060163905,8.741387756152687,0.949346578211105,5.738391060163906,50,33
Direct Tweedie (Single-Stage),1,1.0,0.24444444444444444,0.7555555555555555,,5.928247225268314,9.372284975589626,-2.368431241276493,5.928247225268314,9.372284975589626,-2.368431241276493,4.264166386643175,7.755374883223017,-1.3775749706072937,4.257366386643175,50,34
Direct Tweedie (Single-Stage),2,1.0,0.34782608695652173,0.6521739130434783,,7.865434931470293,11.963388688924484,-5.827321003884746,7.865434931470293,11.963388688924484,-5.827321003884746,5.100721470758647,9.328516823946332,-3.114932090454377,5.0983214707586475,50,30
Direct Tweedie (Single-Stage),3,0.9411764705882353,0.28888888888888886,0.6808510638297872,,7.405542585794906,17.672758111087255,-5.334481869808605,7.405542585794906,17.672758111087255,-5.334481869808605,5.291883551650771,14.594452696078033,-3.371333078159616,5.289883551650771,50,34
Direct Tweedie (Single-Stage),4,1.0,0.2608695652173913,0.7391304347826086,,10.044305320106513,26.41693071575536,-8.21711459216083,10.044305320106513,26.41693071575536,-8.21711459216083,7.128208609225948,21.8059595172884,-5.289556931115844,7.124008609225947,50,34
Direct Tweedie (Single-Stage),5,1.0,0.3333333333333333,0.6666666666666666,,4.413073269714915,7.60420563995706,-0.5488741546715428,4.413073269714915,7.60420563995706,-0.5488741546715428,3.2695431350860455,6.231151878802244,0.09389678347871434,3.263543135086046,50,32
Direct Tweedie (Single-Stage),6,1.0,0.2857142857142857,0.7142857142857143,,4.650573660004469,9.288219570148161,-1.1504776506864904,4.650573660004469,9.288219570148161,-1.1504776506864904,3.456755084875533,7.801903142697898,-0.6039808326081394,3.4531550848755326,50,35
Direct Tweedie (Single-Stage),7,1.0,0.3125,0.6875,,5.361530842669859,8.782837684372131,-2.936316095817642,5.361530842669859,8.782837684372131,-2.936316095817642,3.947170416479348,7.250213761518995,-1.5294085629224026,3.941570416479349,50,33
